1110000142,ÂFLORIDAGOLD VALENCI,64 OZ
1110000518,FLORIDAGOLD PREM SEL,64 OZ
1570008582,SWISS MISS BUTTERSCO,4/4OZ
1630015114,FLDA NAT PRM OJ,64 OZ
1630015120,FLDA NAT RED GRAPEFR,64 OZ
1630015121,FLDA NAT PRM HOME SQ,64 OZ
1630015132,~FLORIDA'S NAT HOME,64 OZ
1630015138,FLDA NAT PRM APPLE J,64 OZ
1630015154,~FLOR NAT GROWER'S S,64 OZ
2350000061,RICH N' READY CITRUS,64 OZ
2350000063,RICH N' READY FRUIT,64 OZ
2500000415,FIVE ALIVE CTRUS BEV,64 OZ
2500002606,MIN MAID O J REGULAR,64 OZ
2500002610,MINUTE MAID OJ REG,10 OZ
2500002611,MIN MAID O J REGULAR,32 OZ
2500002614,MIN MAID LEMONADE,10 OZ
2500002615,MINUTE MAID FRUIT P,10 OZ
2500002616,MIN MAID LEMONADE,64 OZ
2500002619,MINUTE MAID PREMIUM,128 OZ
2500002621,~MINUTE MAID ORANGE,16 OZ
2500002622,MINIUTE MAID PREMIUM,128 OZ
2500002623,MIN MAID O J PLASTIC,96 OZ
2500002626,MINUTE MAID CNTRY ST,96 OZ
2500002628,MIN MAID OJ CNTRY ST,64 OZ
2500002632,MIN MAID PRM CHOICE,64 OZ
2500002634,MIN MAID O J CALCIUM,64 OZ
2500002635,MINUTE MAID GRAPE PU,64 OZ
2500002639,MIN MAID PREMIUM CHO,64 OZ
2500002641,MINUTE MAID CALCIUM,96 OZ
2500002645,MIN MAID FRUIT PUNCH,64 OZ
2500002648,MINUTE MAID PINK LEM,64 OZ
2500002650,MIN MAID LEMONADE,16 OZ
2500002651,MIN MAID FRUIT PUNCH,16 OZ
2500002652,MIN MAID LEMONADE,128 OZ
2500002653,MINUTE MAID FRUIT PU,128 OZ
2500002661,MIN MAID CITRUS PUNC,64 OZ
2500002673,M M LT-N-JCY FRUIT P,64 OZ
2500002687,MINUTE MAID APPLE PU,64 OZ
2500002693,MM PULP FREE ORANGE,96 OZ
2500002694,MM PULP FREE OJ,64 OZ
2500002711,~MIN MAID CRANBERRY,64 OZ
2500002713,MINUTE MAID RASPBRY,64 OZ
2500002716,MINUTE MAID BERRY PU,128 OZ
2500002717,MINUTE MAID TROPICAL,64 OZ
2500002739,MINUTE MAID BERRY PU,64 OZ
2500002741,MINUTE MAID CITRUS P,128 OZ
2500002755,~MM ORCH BEST RED DL,64 OZ
2500002756,~MM ORCH BEST CRKSD,64 OZ
2500002757,~MM ORCH BEST RIPE A,64 OZ
2500002758,~MM ORCH BEST SRRW/P,64 OZ
2500002810,MIN MAID ORANGE JUIC,6-8 OZ
2500002812,MINUTE MAID TROPICAL,6-8 OZ
2500002813,MIN. MAID LEMONADE P,6-8 OZ
2700055423,SWISS MISS VAN-CHOCO,4/4OZ
2800001112,~LIBBY'S PEACH NECTA,64 OZ
2800001152,~LIBBY'S APRICOT NEC,64 OZ
2800033810,NESTEA ICE TEA REGUL,64 OZ
2800033860,NESTEA ICE TEA SUGAR,64 OZ
3120027157,O S PNK GRPFRT JCE P,64 OZ
3120030307,OS DIET CRANBERRY DR,64 OZ
3120030645,OCEAN SPRAY CIT PEAC,64 OZ
3120030646,OCEAN SPRAY ORG CRAN,64 OZ
3120030648,OCEAN SPRAY CITR CRA,64 OZ
3120031307,OS DIET CRANAPPLE,64 OZ
3120036307,OS CRAN-RASPBERRY,64 OZ
3828154001,HH ORANGE JUICE,64 OZ
3828154003,HH ORANGE JUICE,64 OZ
3828154005,HH ORANGE JUICE,128 OZ
3828154007,HH ORANGE JUICE,128 OZ
3828154010,DOM PREM OJ,64 OZ
3828154014,DOM COUNTRY STYLE N.,64 OZ
3828154017,HH LEMONADE,64 OZ
3828154021,HH FRUIT PUNCH,64 OZ
3828154023,DOM FRUIT PUNCH,64 OZ
3828154025,LUDWIG YOGURT & ORAN,64 OZ
3828154029,LUDWIG YOGURT & STRW,64 OZ
3828154033,LUDWIG YOGURT & JUIC,64 OZ
3828154037,LUDWIG YOGRT DRNK OJ,64 OZ
3828154041,DOM CITRUS PUNCH,64 OZ
3828154045,DOM APPLE JUICE,64 OZ
3828154049,DOM APPLE CIDER,128 OZ
3828154053,DOM ORANGE JUICE(CON,32 OZ
3828154057,DOM OJ(CONC),96 OZ
3828154059,DOM PREM N.F.C. OJ,96 OZ
3828154061,DOM APPLE CIDER-NOT,64 OZ
3828154065,DOM OJ PLUS CALCIUM,64 OZ
3828154081,DOM. PREMIUM NFC GRA,64 OZ
3828154089,DOM CITRUS PUNCH,8/8 OZ
3828154097,DOM COUNTRY STYLE OJ,64 OZ
3890000950,~DOLE PINE/PASSION/B,64 OZ
3890000981,ÂDOLE PINEAPPLE JUIC,64 OZ
3890000985,DOLE PINEAPPLE ORANG,64 OZ
3890000987,DOLE PINE/ORNGE/BANA,64 OZ
3890007827,~DOLE PURE & LT CHER,64 OZ
3890007828,DOLE PURE & LT RASPB,64 OZ
3890007829,DOLE PURE & LT PEACH,64 OZ
3890007830,DOLE TROPICAL FRUIT,64 OZ
3890007831,DOLE PINE/ORANGE/STR,64 OZ
3920003567,HM ORANGE DRINK,1 GAL
3920003568,HM LEMONAIDE,1 GAL
3920003569,HM GRAPE DRINK,GAL.
3920003571,HM PUNCH DRINK,1 GAL
4131859002,BROOKVILLE FARM ORAN,128 OZ
4131859003,BROOKVILLE FARM LEMO,128 OZ
4131859004,BROOKVILLE FARM FRUI,128 OZ
4300096655,JELLO CHOCO PUDDING,5.5OZ
4300096675,JELLO CHOCO VANILLA,5.5OZ
4300096750,JELLO PUDDING BTTR C,6/4OZ
4670004072,~AWAKE ORANGE BEVERA,64 OZ
4670066224,TREESWEET ORANGE JUI,64 OZ
4850000100,TROP PURE PRM OJ,32 OZ
4850000101,TROP PURE PRM OJ,16 OZ
4850000102,TROP PURE PRM OJ,64 OZ
4850000111,~TROP GRAPFRT JCE,64 OZ
4850000113,ÂTROP FRUIT PUNCH DR,64 OZ
4850000114,~TROP LEMONADE,64 OZ
4850000119,ÂTROP ORNGE JCE CONC,32 OZ
4850000120,TROP SB OJ,64 OZ
4850000122,TROP PURE PRM RED GR,64 OZ
4850000139,TROP PURE PRM HOMEST,64 OZ
4850000219,TROP ORG/ PEACH MANG,64 OZ
4850000221,TROP ORANGE/PEACH MA,16 OZ
4850000222,TROP ORANGE/KIWI/PAS,16 OZ
4850000228,TROP SB HOMESTYLE OJ,64 OZ
4850000229,TROP ORANGE/PINAPPLE,16 OZ
4850000231,~TROP ORG PINE JCE,64 OZ
4850000250,TROP PURE PRM OJ,96 OZ
4850000251,TROP SB OJ,96 OZ
4850000262,TROP ORANGE STRWBERR,16 OZ
4850000264,TROP ORG STRW BANANA,64 OZ
4850000273,TROP PURE PRM HOMEST,96 OZ
4850000274,TROP PURE PRM OJ,3/8 OZ
4850000389,~TROP PINEAPPLE PASS,16 OZ
4850000414,TROP OJ PREM GROVEST,64 OZ
4850000415,TROP PURE PREM OJ-GR,96 OZ
4850000416,TROP OJ RECON CALCIU,64 OZ
4850000431,TROP SB HOMESTYLE OJ,96 OZ
4850000446,TROP PURE PRM GROVES,16 OZ
4850000447,TROP PURE PRM GROVES,32 OZ
4850000472,TROP PURE PREM RUBY,64 OZ
4850000473,~TROP SB GRAPE JUICE,64 OZ
4850000480,TROP SEASON'S BEST W,64 OZ
4850000506,TROP CITRUS PUNCH BE,64 OZ
4850000507,TROP BERRY PUNCH BEV,64 OZ
4850000509,~TROP DIET LEMON FRU,64 OZ
4850000510,~TROP LEMON FRUIT TE,64 OZ
4850000555,~TROP SB CRANBERRY M,64 OZ
4850000569,TROP PURE PRM PLUS C,64 OZ
4850000570,TROP PURE PRM PLUS V,64 OZ
4850000571,~TROP PURE PREM PLUS,64 OZ
4850000667,TROP PREM GS RR GRAP,64 OZ
4850000673,TROP PREM TANGERINE,64 OZ
4850005000,DOLE PINEAPPLE JC CT,64 OZ
4850005001,DOLE PINEAPPLE ORANG,64 OZ
4850005002,DOLE PINE ORANGE BAN,64 OZ
4850005003,DOLE PINE/PSN/BAN JC,64 OZ
4850005005,DOLE PINE/ORANGE/STR,64 OZ
4850005006,DOLE TROPICAL FRUIT,64 OZ
4850005009,DOLE COUNTRY RASPBER,64 OZ
4850005010,DOLE ORCHARD PEACH J,64 OZ
5020000322,SUNNY DELIGHT CALIFO,128 OZ
5020000326,~SNY DLT CAL. STYLE,16 OZ
5020000330,SUNNY DELIGHT CALIFO,64 OZ
5020000821,SUNNY DELIGHT FLA CI,64 OZ
5020000829,~SUNNY DELIGHT FLORI,96 OZ
5020000850,SUNNY DELIGHT FL CIT,6PK
5020000860,SUNNY DELIGHT FCP,16 OZ
5020000880,SUNNY DELIGHT F C P,128 OZ
5020000881,SUNNY DELIGHT VALUE,2/128O
5020001045,SUNNY DELIGHT & CALC,64 OZ
5020001054,SUNNY DELIGHT 8 PK,8/8 OZ
5020001062,~SUNNY DLT CALIFOR S,8 OZ
5020001113,SUNNY DELIGHT CALIFO,8 PK
5020001148,HAWAIIAN PUNCH RED,8/8OZ
5020001154,~SNY DLT FRT PUNCH,16 OZ
5020001156,~SUNNY DELIGHT GRAPE,16 OZ
5020001161,~SUNNY DELIGHTLITE,16 OZ
5020001203,SUNNY DELIGHT STRAWB,8 OZ
5020006800,~SUNNY DLT CITRUS PU,8 OZ
5020006802,SUNNY DELIGHT TRAY P,24/8OZ
5020006809,SUNNY DELIGHT 3 PK,3/8 OZ
5020006817,SUNNY DELIGHT 9 PK,9/8 OZ
5020006874,~SUNNY DELIGHT MANGO,64 OZ
5100000859,V-8 VEG JCE CHLD,64 OZ
5387500005,HERSHEY PUDDING CHOC,6/4OZ
7069050007,CITRUS HILL OJ SPOU,64 OZ
7069050023,CITRUS HILL O J REG,96 OZ
7069050031,CITRUS HILL SPOUT CA,64 OZ
7069050039,CITRUS HILL PLUS CAL,96 OZ
7080110110,SPORT SHAKE CHOCOLAT,7.5 OZ
7080110111,SPORT SHAKE VANILLA,7.5 OZ
7080110112,SPORT SHAKE STRAWBER,8 OZ
7085913001,MCCAINS ORANGE DRINK,128 OZ
7085913002,MCCAINS ORANGE DRINK,128 OZ
7121301321,HM ORANGE DRINK,1 GAL
7121301322,HM GRAPE DRINK,GAL.
7121301323,HM PUNCH DRINK,1 GAL
7121301324,HM LEMONAIDE,1 GAL
7169000136,HM ORANGE DRINK,128 OZ
7169001136,HM ORANGE DRINK,128 OZ
7169002136,HM GRAPE DRINK,GAL.
7169003136,HM LEMONAIDE,128 OZ
7169004136,HM PUNCH DRINK,128 OZ
7169006136,GG BLUE RASP FRUIT D,1 GAL
7271810003,MR PURE ORANGE JUICE,32 OZ
7271810037,MR PURE PINEAPPLE OR,32 OZ
7271810046,MR PURE FRUIT PUNCH,32 OZ
7271810047,MR PURE GRAPE DRINK,32 OZ
7271810048,MR PURE PAPAYA DRINK,32 OZ
7271810055,MR PURE LIME DRINK,32 OZ
7271850001,TREE FRESH O J REG,64 OZ
7271850025,TREE FRESH GRPFRT JC,64 OZ
7457710126,NEWMAN'S OWN LEMONAD,64 OZ
7490100117,HM ORANGE DRINK,1 GAL
7490100118,HM PUNCH DRINK,1 GAL
7490100119,HM GRAPE DRINK,GAL.
7490100120,HM LEMONAIDE,1 GAL
7490400600,~CHIQUITA TROPICAL P,64 OZ
7490400616,~CHIQUITA TROPICAL S,64 OZ
7490400624,~CHIQUITA CARIBBEAN,64 OZ
7490400629,~CHIQUITA CALYPSO BR,64 OZ
7490400631,CHQTA RASPBERRY PASS,64 OZ
7490400649,~CHIQUITA HAWAIIAN S,64 OZ
7630165758,APPLE & EVE APPLE JU,64 OZ
7740152397,COLORED EASTER EGGS,1 DOZ
8390001301,NESTEA ICED TEA,64 OZ
8390001302,NESTEA DIET ICED TEA,64 OZ
9518801128,$KEMPS TAMPICO PUNCH,128 OZ
